"","Column_ID","Date","Avg_Temp"
"1",1,2022-07-25,26.2857142857143
"2",1,2022-07-26,24.0208333333333
"3",1,2022-07-27,25.3020833333333
"4",1,2022-07-28,25.1354166666667
"5",1,2022-07-29,25.5
"6",1,2022-07-30,25.8541666666667
"7",1,2022-07-31,26.21875
"8",1,2022-08-01,26.1666666666667
"9",1,2022-08-02,26.125
"10",1,2022-08-03,25.7916666666667
"11",1,2022-08-04,25.2708333333333
"12",1,2022-08-05,25.3020833333333
"13",1,2022-08-06,25.3645833333333
"14",1,2022-08-07,25.4375
"15",1,2022-08-08,25.2395833333333
"16",1,2022-08-09,25.3229166666667
"17",1,2022-08-10,25.2604166666667
"18",1,2022-08-11,22.4791666666667
"19",1,2022-08-12,21.8333333333333
"20",1,2022-08-13,26.0729166666667
"21",1,2022-08-14,26.3229166666667
"22",1,2022-08-15,25.7708333333333
"23",1,2022-08-16,25.6145833333333
"24",1,2022-08-17,25.4895833333333
"25",1,2022-08-18,25.5
"26",1,2022-08-19,25.5
"27",1,2022-08-20,25.7604166666667
"28",1,2022-08-21,25.7708333333333
"29",1,2022-08-22,25.8958333333333
"30",1,2022-08-23,25.90625
"31",1,2022-08-24,26
"32",1,2022-08-25,26
"33",1,2022-08-26,26
"34",1,2022-08-27,26.1145833333333
"35",1,2022-08-28,26.21875
"36",1,2022-08-29,26.0625
"37",1,2022-08-30,26.2291666666667
"38",1,2022-08-31,26.1354166666667
"39",1,2022-09-01,25.9583333333333
"40",1,2022-09-02,26.09375
"41",1,2022-09-03,25.8229166666667
"42",1,2022-09-04,25.6666666666667
"43",1,2022-09-05,25.9375
"44",1,2022-09-06,25.9090909090909
"45",2,2022-07-25,25.4772727272727
"46",2,2022-07-26,23.1979166666667
"47",2,2022-07-27,25.15625
"48",2,2022-07-28,25.0520833333333
"49",2,2022-07-29,24.4583333333333
"50",2,2022-07-30,24.625
"51",2,2022-07-31,24.6041666666667
"52",2,2022-08-01,24.6875
"53",2,2022-08-02,24.6770833333333
"54",2,2022-08-03,24.625
"55",2,2022-08-04,24.6458333333333
"56",2,2022-08-05,24.6875
"57",2,2022-08-06,24.65625
"58",2,2022-08-07,24.6666666666667
"59",2,2022-08-08,24.5833333333333
"60",2,2022-08-09,24.5729166666667
"61",2,2022-08-10,24.6041666666667
"62",2,2022-08-11,21.7083333333333
"63",2,2022-08-12,21.3229166666667
"64",2,2022-08-13,25.53125
"65",2,2022-08-14,25.9895833333333
"66",2,2022-08-15,25.3333333333333
"67",2,2022-08-16,25.1770833333333
"68",2,2022-08-17,25
"69",2,2022-08-18,25
"70",2,2022-08-19,25
"71",2,2022-08-20,25.2604166666667
"72",2,2022-08-21,25.28125
"73",2,2022-08-22,25.4375
"74",2,2022-08-23,25.4479166666667
"75",2,2022-08-24,25.5
"76",2,2022-08-25,25.5
"77",2,2022-08-26,25.5416666666667
"78",2,2022-08-27,25.65625
"79",2,2022-08-28,25.75
"80",2,2022-08-29,25.7291666666667
"81",2,2022-08-30,25.8125
"82",2,2022-08-31,25.6770833333333
"83",2,2022-09-01,25.5
"84",2,2022-09-02,25.71875
"85",2,2022-09-03,25.4270833333333
"86",2,2022-09-04,25.21875
"87",2,2022-09-05,25.4895833333333
"88",2,2022-09-06,25.5
"89",3,2022-07-25,25.8333333333333
"90",3,2022-07-26,23.8229166666667
"91",3,2022-07-27,24.4166666666667
"92",3,2022-07-28,24.2916666666667
"93",3,2022-07-29,24.1979166666667
"94",3,2022-07-30,24.5
"95",3,2022-07-31,24.6979166666667
"96",3,2022-08-01,24.6770833333333
"97",3,2022-08-02,24.6770833333333
"98",3,2022-08-03,24.6354166666667
"99",3,2022-08-04,24.5
"100",3,2022-08-05,24.5
"101",3,2022-08-06,24.5833333333333
"102",3,2022-08-07,24.5729166666667
"103",3,2022-08-08,24.4583333333333
"104",3,2022-08-09,24.4375
"105",3,2022-08-10,24.4479166666667
"106",3,2022-08-11,21.8125
"107",3,2022-08-12,21.6041666666667
"108",3,2022-08-13,25.875
"109",3,2022-08-14,26.2291666666667
"110",3,2022-08-15,25.6979166666667
"111",3,2022-08-16,25.3854166666667
"112",3,2022-08-17,25.3958333333333
"113",3,2022-08-18,25.46875
"114",3,2022-08-19,25.4583333333333
"115",3,2022-08-20,25.5833333333333
"116",3,2022-08-21,25.71875
"117",3,2022-08-22,25.7291666666667
"118",3,2022-08-23,25.8541666666667
"119",3,2022-08-24,25.9583333333333
"120",3,2022-08-25,25.9583333333333
"121",3,2022-08-26,26
"122",3,2022-08-27,26
"123",3,2022-08-28,26.09375
"124",3,2022-08-29,26
"125",3,2022-08-30,26.1041666666667
"126",3,2022-08-31,26
"127",3,2022-09-01,25.9375
"128",3,2022-09-02,26.0729166666667
"129",3,2022-09-03,25.8125
"130",3,2022-09-04,25.5625
"131",3,2022-09-05,25.9270833333333
"132",3,2022-09-06,25.7272727272727
"133",4,2022-07-25,25.5238095238095
"134",4,2022-07-26,23.25
"135",4,2022-07-27,24.2604166666667
"136",4,2022-07-28,23.8645833333333
"137",4,2022-07-29,23.75
"138",4,2022-07-30,23.84375
"139",4,2022-07-31,23.8854166666667
"140",4,2022-08-01,23.96875
"141",4,2022-08-02,24.0104166666667
"142",4,2022-08-03,23.96875
"143",4,2022-08-04,23.8958333333333
"144",4,2022-08-05,23.9166666666667
"145",4,2022-08-06,23.6875
"146",4,2022-08-07,23.7291666666667
"147",4,2022-08-08,23.7291666666667
"148",4,2022-08-09,23.6875
"149",4,2022-08-10,23.75
"150",4,2022-08-11,21.28125
"151",4,2022-08-12,21.1875
"152",4,2022-08-13,25.7708333333333
"153",4,2022-08-14,26.1875
"154",4,2022-08-15,25.53125
"155",4,2022-08-16,25.3229166666667
"156",4,2022-08-17,25.3541666666667
"157",4,2022-08-18,25.4270833333333
"158",4,2022-08-19,25.3854166666667
"159",4,2022-08-20,25.5
"160",4,2022-08-21,25.65625
"161",4,2022-08-22,25.7083333333333
"162",4,2022-08-23,25.7708333333333
"163",4,2022-08-24,25.7916666666667
"164",4,2022-08-25,25.8125
"165",4,2022-08-26,25.9895833333333
"166",4,2022-08-27,26
"167",4,2022-08-28,26
"168",4,2022-08-29,26
"169",4,2022-08-30,26
"170",4,2022-08-31,26
"171",4,2022-09-01,25.84375
"172",4,2022-09-02,26.0208333333333
"173",4,2022-09-03,25.7604166666667
"174",4,2022-09-04,25.5208333333333
"175",4,2022-09-05,25.8333333333333
"176",4,2022-09-06,25.5909090909091
"177",5,2022-07-25,25.2619047619048
"178",5,2022-07-26,22.8958333333333
"179",5,2022-07-27,24.1354166666667
"180",5,2022-07-28,24.2083333333333
"181",5,2022-07-29,24.1041666666667
"182",5,2022-07-30,24.3541666666667
"183",5,2022-07-31,24.375
"184",5,2022-08-01,24.3541666666667
"185",5,2022-08-02,24.3958333333333
"186",5,2022-08-03,24.4270833333333
"187",5,2022-08-04,24.4166666666667
"188",5,2022-08-05,24.4166666666667
"189",5,2022-08-06,24.4166666666667
"190",5,2022-08-07,24.4791666666667
"191",5,2022-08-08,24.4791666666667
"192",5,2022-08-09,24.4791666666667
"193",5,2022-08-10,24.5
"194",5,2022-08-11,21.65625
"195",5,2022-08-12,20.7395833333333
"196",5,2022-08-13,25.4270833333333
"197",5,2022-08-14,25.75
"198",5,2022-08-15,25.2083333333333
"199",5,2022-08-16,24.9270833333333
"200",5,2022-08-17,24.9479166666667
"201",5,2022-08-18,25
"202",5,2022-08-19,25
"203",5,2022-08-20,25.1875
"204",5,2022-08-21,25.2395833333333
"205",5,2022-08-22,25.2604166666667
"206",5,2022-08-23,25.3854166666667
"207",5,2022-08-24,25.5
"208",5,2022-08-25,25.5
"209",5,2022-08-26,25.5
"210",5,2022-08-27,25.5
"211",5,2022-08-28,25.6666666666667
"212",5,2022-08-29,25.5
"213",5,2022-08-30,25.6770833333333
"214",5,2022-08-31,25.59375
"215",5,2022-09-01,25.4479166666667
"216",5,2022-09-02,25.6875
"217",5,2022-09-03,25.3645833333333
"218",5,2022-09-04,25.1770833333333
"219",5,2022-09-05,25.46875
"220",5,2022-09-06,25.3636363636364
"221",6,2022-07-25,25.75
"222",6,2022-07-26,23.4270833333333
"223",6,2022-07-27,24.625
"224",6,2022-07-28,24.59375
"225",6,2022-07-29,24.5
"226",6,2022-07-30,24.7604166666667
"227",6,2022-07-31,24.71875
"228",6,2022-08-01,24.8125
"229",6,2022-08-02,24.8958333333333
"230",6,2022-08-03,24.96875
"231",6,2022-08-04,24.9791666666667
"232",6,2022-08-05,25.1041666666667
"233",6,2022-08-06,25.0625
"234",6,2022-08-07,25.1145833333333
"235",6,2022-08-08,25.125
"236",6,2022-08-09,25.1145833333333
"237",6,2022-08-10,25.1458333333333
"238",6,2022-08-11,22.1979166666667
"239",6,2022-08-12,21.1666666666667
"240",6,2022-08-13,25.6041666666667
"241",6,2022-08-14,25.9791666666667
"242",6,2022-08-15,25.3229166666667
"243",6,2022-08-16,25.125
"244",6,2022-08-17,25
"245",6,2022-08-18,25.0104166666667
"246",6,2022-08-19,25.03125
"247",6,2022-08-20,25.2708333333333
"248",6,2022-08-21,25.3541666666667
"249",6,2022-08-22,25.53125
"250",6,2022-08-23,25.46875
"251",6,2022-08-24,25.5
"252",6,2022-08-25,25.5
"253",6,2022-08-26,25.5729166666667
"254",6,2022-08-27,25.7083333333333
"255",6,2022-08-28,25.7604166666667
"256",6,2022-08-29,25.7916666666667
"257",6,2022-08-30,25.8958333333333
"258",6,2022-08-31,25.71875
"259",6,2022-09-01,25.5833333333333
"260",6,2022-09-02,25.6458333333333
"261",6,2022-09-03,25.4479166666667
"262",6,2022-09-04,25.21875
"263",6,2022-09-05,25.4270833333333
"264",6,2022-09-06,25.5
"265",7,2022-07-25,25.7142857142857
"266",7,2022-07-26,23.5729166666667
"267",7,2022-07-27,24.9270833333333
"268",7,2022-07-28,25.1458333333333
"269",7,2022-07-29,24.96875
"270",7,2022-07-30,25.1145833333333
"271",7,2022-07-31,25
"272",7,2022-08-01,25.1145833333333
"273",7,2022-08-02,25.125
"274",7,2022-08-03,25.1770833333333
"275",7,2022-08-04,25.25
"276",7,2022-08-05,25.2916666666667
"277",7,2022-08-06,25.1875
"278",7,2022-08-07,25.1770833333333
"279",7,2022-08-08,25.25
"280",7,2022-08-09,25.25
"281",7,2022-08-10,25.25
"282",7,2022-08-11,22.3229166666667
"283",7,2022-08-12,21.625
"284",7,2022-08-13,25.78125
"285",7,2022-08-14,26.1354166666667
"286",7,2022-08-15,25.4479166666667
"287",7,2022-08-16,25.2604166666667
"288",7,2022-08-17,25.25
"289",7,2022-08-18,25.2916666666667
"290",7,2022-08-19,25.25
"291",7,2022-08-20,25.5
"292",7,2022-08-21,25.6041666666667
"293",7,2022-08-22,25.6979166666667
"294",7,2022-08-23,25.6666666666667
"295",7,2022-08-24,25.6770833333333
"296",7,2022-08-25,25.6979166666667
"297",7,2022-08-26,25.8541666666667
"298",7,2022-08-27,25.8958333333333
"299",7,2022-08-28,25.9895833333333
"300",7,2022-08-29,25.9791666666667
"301",7,2022-08-30,26
"302",7,2022-08-31,25.8958333333333
"303",7,2022-09-01,25.7395833333333
"304",7,2022-09-02,26.0416666666667
"305",7,2022-09-03,25.7916666666667
"306",7,2022-09-04,25.4895833333333
"307",7,2022-09-05,25.78125
"308",7,2022-09-06,25.5
"309",8,2022-07-25,25.7619047619048
"310",8,2022-07-26,23.1875
"311",8,2022-07-27,24.21875
"312",8,2022-07-28,24.3020833333333
"313",8,2022-07-29,23.8020833333333
"314",8,2022-07-30,24.2604166666667
"315",8,2022-07-31,24.5104166666667
"316",8,2022-08-01,24.53125
"317",8,2022-08-02,24.4895833333333
"318",8,2022-08-03,24.5625
"319",8,2022-08-04,24.6875
"320",8,2022-08-05,24.6979166666667
"321",8,2022-08-06,24.6666666666667
"322",8,2022-08-07,24.6666666666667
"323",8,2022-08-08,24.65625
"324",8,2022-08-09,24.625
"325",8,2022-08-10,24.6666666666667
"326",8,2022-08-11,21.7708333333333
"327",8,2022-08-12,21.1666666666667
"328",8,2022-08-13,25.6041666666667
"329",8,2022-08-14,25.9583333333333
"330",8,2022-08-15,25.28125
"331",8,2022-08-16,25.125
"332",8,2022-08-17,24.96875
"333",8,2022-08-18,25
"334",8,2022-08-19,25
"335",8,2022-08-20,25.2604166666667
"336",8,2022-08-21,25.3125
"337",8,2022-08-22,25.4583333333333
"338",8,2022-08-23,25.4270833333333
"339",8,2022-08-24,25.5
"340",8,2022-08-25,25.5
"341",8,2022-08-26,25.5104166666667
"342",8,2022-08-27,25.6458333333333
"343",8,2022-08-28,25.75
"344",8,2022-08-29,25.6458333333333
"345",8,2022-08-30,25.75
"346",8,2022-08-31,25.65625
"347",8,2022-09-01,25.5104166666667
"348",8,2022-09-02,25.71875
"349",8,2022-09-03,25.40625
"350",8,2022-09-04,25.28125
"351",8,2022-09-05,25.5
"352",8,2022-09-06,25.5
"353",9,2022-07-25,25.7857142857143
"354",9,2022-07-26,23.71875
"355",9,2022-07-27,25.34375
"356",9,2022-07-28,25.3958333333333
"357",9,2022-07-29,25.3333333333333
"358",9,2022-07-30,25.3020833333333
"359",9,2022-07-31,25.2916666666667
"360",9,2022-08-01,25.3229166666667
"361",9,2022-08-02,25.3229166666667
"362",9,2022-08-03,25.2916666666667
"363",9,2022-08-04,25.2291666666667
"364",9,2022-08-05,25.25
"365",9,2022-08-06,25.21875
"366",9,2022-08-07,25.2604166666667
"367",9,2022-08-08,25.21875
"368",9,2022-08-09,25.2083333333333
"369",9,2022-08-10,25.2083333333333
"370",9,2022-08-11,22.1354166666667
"371",9,2022-08-12,21.5625
"372",9,2022-08-13,25.7604166666667
"373",9,2022-08-14,26.1458333333333
"374",9,2022-08-15,25.4791666666667
"375",9,2022-08-16,25.2604166666667
"376",9,2022-08-17,25.25
"377",9,2022-08-18,25.2916666666667
"378",9,2022-08-19,25.25
"379",9,2022-08-20,25.5
"380",9,2022-08-21,25.5625
"381",9,2022-08-22,25.6770833333333
"382",9,2022-08-23,25.6666666666667
"383",9,2022-08-24,25.6354166666667
"384",9,2022-08-25,25.6770833333333
"385",9,2022-08-26,25.8229166666667
"386",9,2022-08-27,25.8645833333333
"387",9,2022-08-28,25.9895833333333
"388",9,2022-08-29,25.9791666666667
"389",9,2022-08-30,26
"390",9,2022-08-31,25.8854166666667
"391",9,2022-09-01,25.75
"392",9,2022-09-02,25.9166666666667
"393",9,2022-09-03,25.6875
"394",9,2022-09-04,25.4375
"395",9,2022-09-05,25.6458333333333
"396",9,2022-09-06,25.5
"397",10,2022-07-25,25.6363636363636
"398",10,2022-07-26,23.0416666666667
"399",10,2022-07-27,24.0833333333333
"400",10,2022-07-28,24.1770833333333
"401",10,2022-07-29,23.7708333333333
"402",10,2022-07-30,24.2708333333333
"403",10,2022-07-31,24.5833333333333
"404",10,2022-08-01,24.6770833333333
"405",10,2022-08-02,24.65625
"406",10,2022-08-03,24.8020833333333
"407",10,2022-08-04,24.9583333333333
"408",10,2022-08-05,24.96875
"409",10,2022-08-06,25
"410",10,2022-08-07,25.0104166666667
"411",10,2022-08-08,24.9270833333333
"412",10,2022-08-09,24.9166666666667
"413",10,2022-08-10,25
"414",10,2022-08-11,21.8333333333333
"415",10,2022-08-12,21.21875
"416",10,2022-08-13,25.5
"417",10,2022-08-14,25.78125
"418",10,2022-08-15,25.2395833333333
"419",10,2022-08-16,25
"420",10,2022-08-17,24.9375
"421",10,2022-08-18,25
"422",10,2022-08-19,25
"423",10,2022-08-20,25.25
"424",10,2022-08-21,25.2708333333333
"425",10,2022-08-22,25.3854166666667
"426",10,2022-08-23,25.4166666666667
"427",10,2022-08-24,25.5
"428",10,2022-08-25,25.5
"429",10,2022-08-26,25.5
"430",10,2022-08-27,25.59375
"431",10,2022-08-28,25.71875
"432",10,2022-08-29,25.5520833333333
"433",10,2022-08-30,25.71875
"434",10,2022-08-31,25.625
"435",10,2022-09-01,25.5208333333333
"436",10,2022-09-02,25.7395833333333
"437",10,2022-09-03,25.4166666666667
"438",10,2022-09-04,25.28125
"439",10,2022-09-05,25.5625
"440",10,2022-09-06,25.5
"441",11,2022-07-25,25.5952380952381
"442",11,2022-07-26,23.1666666666667
"443",11,2022-07-27,23.6666666666667
"444",11,2022-07-28,23.5625
"445",11,2022-07-29,23.3645833333333
"446",11,2022-07-30,24.3645833333333
"447",11,2022-07-31,24.3645833333333
"448",11,2022-08-01,24.40625
"449",11,2022-08-02,24.4270833333333
"450",11,2022-08-03,24.4270833333333
"451",11,2022-08-04,24.6145833333333
"452",11,2022-08-05,24.625
"453",11,2022-08-06,24.65625
"454",11,2022-08-07,24.65625
"455",11,2022-08-08,24.6041666666667
"456",11,2022-08-09,24.53125
"457",11,2022-08-10,24.5416666666667
"458",11,2022-08-11,21.6354166666667
"459",11,2022-08-12,21.1770833333333
"460",11,2022-08-13,25.59375
"461",11,2022-08-14,26.0625
"462",11,2022-08-15,25.3125
"463",11,2022-08-16,25.125
"464",11,2022-08-17,25
"465",11,2022-08-18,25.0104166666667
"466",11,2022-08-19,25.0104166666667
"467",11,2022-08-20,25.2604166666667
"468",11,2022-08-21,25.34375
"469",11,2022-08-22,25.5104166666667
"470",11,2022-08-23,25.46875
"471",11,2022-08-24,25.5
"472",11,2022-08-25,25.5
"473",11,2022-08-26,25.6041666666667
"474",11,2022-08-27,25.6979166666667
"475",11,2022-08-28,25.7604166666667
"476",11,2022-08-29,25.7916666666667
"477",11,2022-08-30,25.8958333333333
"478",11,2022-08-31,25.6979166666667
"479",11,2022-09-01,25.59375
"480",11,2022-09-02,25.7291666666667
"481",11,2022-09-03,25.4375
"482",11,2022-09-04,25.3125
"483",11,2022-09-05,25.5729166666667
"484",11,2022-09-06,25.5
"485",12,2022-07-25,25.4285714285714
"486",12,2022-07-26,22.15625
"487",12,2022-07-27,22.5729166666667
"488",12,2022-07-28,22.9375
"489",12,2022-07-29,22
"490",12,2022-07-30,23.0416666666667
"491",12,2022-07-31,23.5729166666667
"492",12,2022-08-01,23.8229166666667
"493",12,2022-08-02,23.8333333333333
"494",12,2022-08-03,24.0416666666667
"495",12,2022-08-04,24.2604166666667
"496",12,2022-08-05,24.28125
"497",12,2022-08-06,24.5
"498",12,2022-08-07,24.5
"499",12,2022-08-08,24.2291666666667
"500",12,2022-08-09,24.2083333333333
"501",12,2022-08-10,24.21875
"502",12,2022-08-11,21.3854166666667
"503",12,2022-08-12,21.25
"504",12,2022-08-13,25.5208333333333
"505",12,2022-08-14,25.9270833333333
"506",12,2022-08-15,25.3020833333333
"507",12,2022-08-16,25.0729166666667
"508",12,2022-08-17,24.9791666666667
"509",12,2022-08-18,25
"510",12,2022-08-19,25
"511",12,2022-08-20,25.25
"512",12,2022-08-21,25.2916666666667
"513",12,2022-08-22,25.4270833333333
"514",12,2022-08-23,25.4583333333333
"515",12,2022-08-24,25.5
"516",12,2022-08-25,25.5
"517",12,2022-08-26,25.5
"518",12,2022-08-27,25.5833333333333
"519",12,2022-08-28,25.71875
"520",12,2022-08-29,25.5833333333333
"521",12,2022-08-30,25.7291666666667
"522",12,2022-08-31,25.6354166666667
"523",12,2022-09-01,25.5625
"524",12,2022-09-02,25.65625
"525",12,2022-09-03,25.3958333333333
"526",12,2022-09-04,25.1770833333333
"527",12,2022-09-05,25.4583333333333
"528",12,2022-09-06,25.5
"529",13,2022-07-25,25.8636363636364
"530",13,2022-07-26,22.3541666666667
"531",13,2022-07-27,22.1979166666667
"532",13,2022-07-28,22.3645833333333
"533",13,2022-07-29,22.21875
"534",13,2022-07-30,22.28125
"535",13,2022-07-31,22.28125
"536",13,2022-08-01,22.5208333333333
"537",13,2022-08-02,22.5208333333333
"538",13,2022-08-03,22.5416666666667
"539",13,2022-08-04,22.7708333333333
"540",13,2022-08-05,23
"541",13,2022-08-06,22.4166666666667
"542",13,2022-08-07,22.46875
"543",13,2022-08-08,22.6145833333333
"544",13,2022-08-09,22.6041666666667
"545",13,2022-08-10,22.6458333333333
"546",13,2022-08-11,20.7291666666667
"547",13,2022-08-12,21.34375
"548",13,2022-08-13,25.8333333333333
"549",13,2022-08-14,26.1979166666667
"550",13,2022-08-15,25.59375
"551",13,2022-08-16,25.3333333333333
"552",13,2022-08-17,25.3541666666667
"553",13,2022-08-18,25.40625
"554",13,2022-08-19,25.3333333333333
"555",13,2022-08-20,25.5729166666667
"556",13,2022-08-21,25.65625
"557",13,2022-08-22,25.71875
"558",13,2022-08-23,25.7708333333333
"559",13,2022-08-24,25.7604166666667
"560",13,2022-08-25,25.8125
"561",13,2022-08-26,25.96875
"562",13,2022-08-27,26
"563",13,2022-08-28,26.0520833333333
"564",13,2022-08-29,26
"565",13,2022-08-30,26
"566",13,2022-08-31,26
"567",13,2022-09-01,25.8333333333333
"568",13,2022-09-02,26
"569",13,2022-09-03,25.75
"570",13,2022-09-04,25.53125
"571",13,2022-09-05,25.8333333333333
"572",13,2022-09-06,25.6
"573",14,2022-07-25,25.625
"574",14,2022-07-26,22.3541666666667
"575",14,2022-07-27,22.1458333333333
"576",14,2022-07-28,22.2604166666667
"577",14,2022-07-29,22.15625
"578",14,2022-07-30,22.1458333333333
"579",14,2022-07-31,22.1770833333333
"580",14,2022-08-01,22.5208333333333
"581",14,2022-08-02,22.5
"582",14,2022-08-03,22.3854166666667
"583",14,2022-08-04,22.59375
"584",14,2022-08-05,22.6666666666667
"585",14,2022-08-06,22.3333333333333
"586",14,2022-08-07,22.21875
"587",14,2022-08-08,22.3229166666667
"588",14,2022-08-09,22.21875
"589",14,2022-08-10,22.2604166666667
"590",14,2022-08-11,20.46875
"591",14,2022-08-12,21.25
"592",14,2022-08-13,25.5833333333333
"593",14,2022-08-14,25.9791666666667
"594",14,2022-08-15,25.3229166666667
"595",14,2022-08-16,25.1770833333333
"596",14,2022-08-17,25
"597",14,2022-08-18,25
"598",14,2022-08-19,25
"599",14,2022-08-20,25.2604166666667
"600",14,2022-08-21,25.3125
"601",14,2022-08-22,25.4479166666667
"602",14,2022-08-23,25.4375
"603",14,2022-08-24,25.5
"604",14,2022-08-25,25.5
"605",14,2022-08-26,25.53125
"606",14,2022-08-27,25.625
"607",14,2022-08-28,25.7395833333333
"608",14,2022-08-29,25.6354166666667
"609",14,2022-08-30,25.75
"610",14,2022-08-31,25.6458333333333
"611",14,2022-09-01,25.46875
"612",14,2022-09-02,25.6666666666667
"613",14,2022-09-03,25.40625
"614",14,2022-09-04,25.2083333333333
"615",14,2022-09-05,25.4479166666667
"616",14,2022-09-06,25.5
"617",15,2022-07-25,25.6428571428571
"618",15,2022-07-26,22.6666666666667
"619",15,2022-07-27,22.6875
"620",15,2022-07-28,22.6979166666667
"621",15,2022-07-29,22.4583333333333
"622",15,2022-07-30,22.6145833333333
"623",15,2022-07-31,22.6666666666667
"624",15,2022-08-01,22.8854166666667
"625",15,2022-08-02,22.9270833333333
"626",15,2022-08-03,22.8645833333333
"627",15,2022-08-04,23.0416666666667
"628",15,2022-08-05,23.1875
"629",15,2022-08-06,22.8020833333333
"630",15,2022-08-07,22.7291666666667
"631",15,2022-08-08,22.8229166666667
"632",15,2022-08-09,22.7395833333333
"633",15,2022-08-10,22.75
"634",15,2022-08-11,20.8125
"635",15,2022-08-12,21.4375
"636",15,2022-08-13,25.78125
"637",15,2022-08-14,26.15625
"638",15,2022-08-15,25.5
"639",15,2022-08-16,25.3125
"640",15,2022-08-17,25.3125
"641",15,2022-08-18,25.2916666666667
"642",15,2022-08-19,25.28125
"643",15,2022-08-20,25.5
"644",15,2022-08-21,25.5625
"645",15,2022-08-22,25.6770833333333
"646",15,2022-08-23,25.6458333333333
"647",15,2022-08-24,25.6145833333333
"648",15,2022-08-25,25.65625
"649",15,2022-08-26,25.8125
"650",15,2022-08-27,25.8645833333333
"651",15,2022-08-28,25.96875
"652",15,2022-08-29,25.96875
"653",15,2022-08-30,26
"654",15,2022-08-31,25.875
"655",15,2022-09-01,25.6770833333333
"656",15,2022-09-02,25.9375
"657",15,2022-09-03,25.6979166666667
"658",15,2022-09-04,25.4791666666667
"659",15,2022-09-05,25.65625
"660",15,2022-09-06,25.5
"661",16,2022-07-25,25.7954545454545
"662",16,2022-07-26,22.71875
"663",16,2022-07-27,23.0104166666667
"664",16,2022-07-28,23.1666666666667
"665",16,2022-07-29,22.8020833333333
"666",16,2022-07-30,22.96875
"667",16,2022-07-31,23.0625
"668",16,2022-08-01,23.28125
"669",16,2022-08-02,23.2604166666667
"670",16,2022-08-03,23.3333333333333
"671",16,2022-08-04,23.375
"672",16,2022-08-05,23.5
"673",16,2022-08-06,23.1041666666667
"674",16,2022-08-07,23.1458333333333
"675",16,2022-08-08,23.125
"676",16,2022-08-09,23.0520833333333
"677",16,2022-08-10,23.0833333333333
"678",16,2022-08-11,20.9895833333333
"679",16,2022-08-12,21.65625
"680",16,2022-08-13,25.78125
"681",16,2022-08-14,26.1875
"682",16,2022-08-15,25.5625
"683",16,2022-08-16,25.34375
"684",16,2022-08-17,25.3333333333333
"685",16,2022-08-18,25.375
"686",16,2022-08-19,25.3333333333333
"687",16,2022-08-20,25.59375
"688",16,2022-08-21,25.6770833333333
"689",16,2022-08-22,25.7291666666667
"690",16,2022-08-23,25.78125
"691",16,2022-08-24,25.8541666666667
"692",16,2022-08-25,25.84375
"693",16,2022-08-26,26
"694",16,2022-08-27,26
"695",16,2022-08-28,26.03125
"696",16,2022-08-29,26
"697",16,2022-08-30,26.03125
"698",16,2022-08-31,26
"699",16,2022-09-01,25.9166666666667
"700",16,2022-09-02,26.125
"701",16,2022-09-03,25.8125
"702",16,2022-09-04,25.5520833333333
"703",16,2022-09-05,25.90625
"704",16,2022-09-06,25.6
"705",17,2022-07-25,25.8809523809524
"706",17,2022-07-26,22.71875
"707",17,2022-07-27,22.90625
"708",17,2022-07-28,23.1041666666667
"709",17,2022-07-29,22.8541666666667
"710",17,2022-07-30,23.2916666666667
"711",17,2022-07-31,23.375
"712",17,2022-08-01,23.5625
"713",17,2022-08-02,23.5104166666667
"714",17,2022-08-03,23.625
"715",17,2022-08-04,23.7395833333333
"716",17,2022-08-05,23.9166666666667
"717",17,2022-08-06,23.5833333333333
"718",17,2022-08-07,23.6354166666667
"719",17,2022-08-08,23.5416666666667
"720",17,2022-08-09,23.4791666666667
"721",17,2022-08-10,23.5208333333333
"722",17,2022-08-11,21.2291666666667
"723",17,2022-08-12,21.8333333333333
"724",17,2022-08-13,26.1458333333333
"725",17,2022-08-14,26.46875
"726",17,2022-08-15,25.8229166666667
"727",17,2022-08-16,25.6770833333333
"728",17,2022-08-17,25.5833333333333
"729",17,2022-08-18,25.5833333333333
"730",17,2022-08-19,25.53125
"731",17,2022-08-20,25.7708333333333
"732",17,2022-08-21,25.8020833333333
"733",17,2022-08-22,25.9479166666667
"734",17,2022-08-23,25.9375
"735",17,2022-08-24,26
"736",17,2022-08-25,26
"737",17,2022-08-26,26.0833333333333
"738",17,2022-08-27,26.1666666666667
"739",17,2022-08-28,26.2604166666667
"740",17,2022-08-29,26.15625
"741",17,2022-08-30,26.2604166666667
"742",17,2022-08-31,26.1666666666667
"743",17,2022-09-01,25.96875
"744",17,2022-09-02,26.125
"745",17,2022-09-03,25.84375
"746",17,2022-09-04,25.71875
"747",17,2022-09-05,26.03125
"748",17,2022-09-06,25.9545454545455
"749",18,2022-07-25,25.6904761904762
"750",18,2022-07-26,22.6666666666667
"751",18,2022-07-27,22.4479166666667
"752",18,2022-07-28,22.6458333333333
"753",18,2022-07-29,22.3125
"754",18,2022-07-30,22.7291666666667
"755",18,2022-07-31,22.8125
"756",18,2022-08-01,22.9479166666667
"757",18,2022-08-02,22.9583333333333
"758",18,2022-08-03,23.0625
"759",18,2022-08-04,23.2291666666667
"760",18,2022-08-05,23.3958333333333
"761",18,2022-08-06,23.0729166666667
"762",18,2022-08-07,23.1354166666667
"763",18,2022-08-08,22.9479166666667
"764",18,2022-08-09,22.84375
"765",18,2022-08-10,22.90625
"766",18,2022-08-11,20.9166666666667
"767",18,2022-08-12,21.3333333333333
"768",18,2022-08-13,25.7708333333333
"769",18,2022-08-14,26.1041666666667
"770",18,2022-08-15,25.4166666666667
"771",18,2022-08-16,25.2708333333333
"772",18,2022-08-17,25.1666666666667
"773",18,2022-08-18,25.1770833333333
"774",18,2022-08-19,25.1979166666667
"775",18,2022-08-20,25.3125
"776",18,2022-08-21,25.4166666666667
"777",18,2022-08-22,25.6041666666667
"778",18,2022-08-23,25.5625
"779",18,2022-08-24,25.5
"780",18,2022-08-25,25.5104166666667
"781",18,2022-08-26,25.6979166666667
"782",18,2022-08-27,25.7604166666667
"783",18,2022-08-28,25.8541666666667
"784",18,2022-08-29,25.8645833333333
"785",18,2022-08-30,25.9895833333333
"786",18,2022-08-31,25.7708333333333
"787",18,2022-09-01,25.5104166666667
"788",18,2022-09-02,25.71875
"789",18,2022-09-03,25.4791666666667
"790",18,2022-09-04,25.2395833333333
"791",18,2022-09-05,25.5104166666667
"792",18,2022-09-06,25.5
"793",19,2022-07-25,25.2727272727273
"794",19,2022-07-26,22.5104166666667
"795",19,2022-07-27,22.6770833333333
"796",19,2022-07-28,22.9166666666667
"797",19,2022-07-29,22.6354166666667
"798",19,2022-07-30,23.0625
"799",19,2022-07-31,23.1041666666667
"800",19,2022-08-01,23.2604166666667
"801",19,2022-08-02,23.28125
"802",19,2022-08-03,23.4270833333333
"803",19,2022-08-04,23.65625
"804",19,2022-08-05,23.7604166666667
"805",19,2022-08-06,23.4583333333333
"806",19,2022-08-07,23.4479166666667
"807",19,2022-08-08,23.3333333333333
"808",19,2022-08-09,23.2395833333333
"809",19,2022-08-10,23.28125
"810",19,2022-08-11,20.8854166666667
"811",19,2022-08-12,21.28125
"812",19,2022-08-13,25.5104166666667
"813",19,2022-08-14,25.96875
"814",19,2022-08-15,25.21875
"815",19,2022-08-16,24.9375
"816",19,2022-08-17,24.9166666666667
"817",19,2022-08-18,25
"818",19,2022-08-19,25
"819",19,2022-08-20,25.2291666666667
"820",19,2022-08-21,25.2604166666667
"821",19,2022-08-22,25.375
"822",19,2022-08-23,25.4166666666667
"823",19,2022-08-24,25.5
"824",19,2022-08-25,25.5
"825",19,2022-08-26,25.5
"826",19,2022-08-27,25.625
"827",19,2022-08-28,25.7395833333333
"828",19,2022-08-29,25.6458333333333
"829",19,2022-08-30,25.7708333333333
"830",19,2022-08-31,25.6458333333333
"831",19,2022-09-01,25.5
"832",19,2022-09-02,25.6979166666667
"833",19,2022-09-03,25.3958333333333
"834",19,2022-09-04,25.2395833333333
"835",19,2022-09-05,25.5104166666667
"836",19,2022-09-06,25.5
"837",20,2022-07-25,26
"838",20,2022-07-26,22.8020833333333
"839",20,2022-07-27,22.6875
"840",20,2022-07-28,22.6458333333333
"841",20,2022-07-29,22.3854166666667
"842",20,2022-07-30,22.8125
"843",20,2022-07-31,22.9479166666667
"844",20,2022-08-01,22.9895833333333
"845",20,2022-08-02,22.9791666666667
"846",20,2022-08-03,23.1875
"847",20,2022-08-04,23.4270833333333
"848",20,2022-08-05,23.53125
"849",20,2022-08-06,23.125
"850",20,2022-08-07,23.25
"851",20,2022-08-08,23.0625
"852",20,2022-08-09,22.9375
"853",20,2022-08-10,22.90625
"854",20,2022-08-11,20.8541666666667
"855",20,2022-08-12,21.6979166666667
"856",20,2022-08-13,25.7916666666667
"857",20,2022-08-14,26.1979166666667
"858",20,2022-08-15,25.6041666666667
"859",20,2022-08-16,25.3541666666667
"860",20,2022-08-17,25.3541666666667
"861",20,2022-08-18,25.4479166666667
"862",20,2022-08-19,25.375
"863",20,2022-08-20,25.6145833333333
"864",20,2022-08-21,25.7083333333333
"865",20,2022-08-22,25.7604166666667
"866",20,2022-08-23,25.8229166666667
"867",20,2022-08-24,25.8645833333333
"868",20,2022-08-25,25.8645833333333
"869",20,2022-08-26,26
"870",20,2022-08-27,26
"871",20,2022-08-28,26.0416666666667
"872",20,2022-08-29,26
"873",20,2022-08-30,26
"874",20,2022-08-31,26
"875",20,2022-09-01,25.9166666666667
"876",20,2022-09-02,25.9791666666667
"877",20,2022-09-03,25.7083333333333
"878",20,2022-09-04,25.53125
"879",20,2022-09-05,25.8229166666667
"880",20,2022-09-06,25.55
"881",21,2022-07-25,25.695652173913
"882",21,2022-07-26,22.25
"883",21,2022-07-27,22.40625
"884",21,2022-07-28,22.6041666666667
"885",21,2022-07-29,22.2916666666667
"886",21,2022-07-30,22.7708333333333
"887",21,2022-07-31,22.875
"888",21,2022-08-01,22.9375
"889",21,2022-08-02,22.9583333333333
"890",21,2022-08-03,23.09375
"891",21,2022-08-04,23.2604166666667
"892",21,2022-08-05,23.3958333333333
"893",21,2022-08-06,23.0729166666667
"894",21,2022-08-07,23.1145833333333
"895",21,2022-08-08,22.90625
"896",21,2022-08-09,22.7083333333333
"897",21,2022-08-10,22.6770833333333
"898",21,2022-08-11,20.46875
"899",21,2022-08-12,21.6875
"900",21,2022-08-13,25.6041666666667
"901",21,2022-08-14,25.96875
"902",21,2022-08-15,25.3229166666667
"903",21,2022-08-16,25.1875
"904",21,2022-08-17,25.0520833333333
"905",21,2022-08-18,25.1145833333333
"906",21,2022-08-19,25.0729166666667
"907",21,2022-08-20,25.2916666666667
"908",21,2022-08-21,25.3125
"909",21,2022-08-22,25.4166666666667
"910",21,2022-08-23,25.4583333333333
"911",21,2022-08-24,25.5
"912",21,2022-08-25,25.5
"913",21,2022-08-26,25.5520833333333
"914",21,2022-08-27,25.65625
"915",21,2022-08-28,25.7604166666667
"916",21,2022-08-29,25.65625
"917",21,2022-08-30,25.7604166666667
"918",21,2022-08-31,25.6666666666667
"919",21,2022-09-01,25.5416666666667
"920",21,2022-09-02,25.6666666666667
"921",21,2022-09-03,25.3854166666667
"922",21,2022-09-04,25.2083333333333
"923",21,2022-09-05,25.5208333333333
"924",21,2022-09-06,25.5
"925",22,2022-07-25,25.8809523809524
"926",22,2022-07-26,22.4479166666667
"927",22,2022-07-27,21.90625
"928",22,2022-07-28,22.1458333333333
"929",22,2022-07-29,21.7916666666667
"930",22,2022-07-30,22.1666666666667
"931",22,2022-07-31,22.2604166666667
"932",22,2022-08-01,22.3541666666667
"933",22,2022-08-02,22.4270833333333
"934",22,2022-08-03,22.4791666666667
"935",22,2022-08-04,22.6666666666667
"936",22,2022-08-05,22.8333333333333
"937",22,2022-08-06,22.5416666666667
"938",22,2022-08-07,22.59375
"939",22,2022-08-08,22.4375
"940",22,2022-08-09,22.3333333333333
"941",22,2022-08-10,22.2604166666667
"942",22,2022-08-11,20.4270833333333
"943",22,2022-08-12,21.5520833333333
"944",22,2022-08-13,25.7708333333333
"945",22,2022-08-14,26.1458333333333
"946",22,2022-08-15,25.5104166666667
"947",22,2022-08-16,25.3125
"948",22,2022-08-17,25.3020833333333
"949",22,2022-08-18,25.2916666666667
"950",22,2022-08-19,25.2604166666667
"951",22,2022-08-20,25.46875
"952",22,2022-08-21,25.6041666666667
"953",22,2022-08-22,25.71875
"954",22,2022-08-23,25.6458333333333
"955",22,2022-08-24,25.6354166666667
"956",22,2022-08-25,25.6666666666667
"957",22,2022-08-26,25.8020833333333
"958",22,2022-08-27,25.8333333333333
"959",22,2022-08-28,25.9270833333333
"960",22,2022-08-29,25.90625
"961",22,2022-08-30,26
"962",22,2022-08-31,25.84375
"963",22,2022-09-01,25.71875
"964",22,2022-09-02,25.8333333333333
"965",22,2022-09-03,25.65625
"966",22,2022-09-04,25.375
"967",22,2022-09-05,25.5833333333333
"968",22,2022-09-06,25.5
"969",23,2022-07-25,25.3809523809524
"970",23,2022-07-26,22
"971",23,2022-07-27,21.0520833333333
"972",23,2022-07-28,21.3125
"973",23,2022-07-29,20.9270833333333
"974",23,2022-07-30,21.3020833333333
"975",23,2022-07-31,21.5416666666667
"976",23,2022-08-01,21.6666666666667
"977",23,2022-08-02,21.65625
"978",23,2022-08-03,21.8020833333333
"979",23,2022-08-04,21.9583333333333
"980",23,2022-08-05,22.1041666666667
"981",23,2022-08-06,21.875
"982",23,2022-08-07,21.9479166666667
"983",23,2022-08-08,21.7395833333333
"984",23,2022-08-09,21.6145833333333
"985",23,2022-08-10,21.6145833333333
"986",23,2022-08-11,19.9791666666667
"987",23,2022-08-12,21.4166666666667
"988",23,2022-08-13,25.6666666666667
"989",23,2022-08-14,25.96875
"990",23,2022-08-15,25.34375
"991",23,2022-08-16,25.15625
"992",23,2022-08-17,25.0729166666667
"993",23,2022-08-18,25.1354166666667
"994",23,2022-08-19,25.1145833333333
"995",23,2022-08-20,25.3020833333333
"996",23,2022-08-21,25.3645833333333
"997",23,2022-08-22,25.5833333333333
"998",23,2022-08-23,25.4583333333333
"999",23,2022-08-24,25.5
"1000",23,2022-08-25,25.5
"1001",23,2022-08-26,25.6145833333333
"1002",23,2022-08-27,25.71875
"1003",23,2022-08-28,25.7708333333333
"1004",23,2022-08-29,25.8125
"1005",23,2022-08-30,25.875
"1006",23,2022-08-31,25.7083333333333
"1007",23,2022-09-01,25.5625
"1008",23,2022-09-02,25.7708333333333
"1009",23,2022-09-03,25.5104166666667
"1010",23,2022-09-04,25.34375
"1011",23,2022-09-05,25.5625
"1012",23,2022-09-06,25.5
"1013",24,2022-07-25,25.9761904761905
"1014",24,2022-07-26,22.3958333333333
"1015",24,2022-07-27,21.6458333333333
"1016",24,2022-07-28,21.8854166666667
"1017",24,2022-07-29,21.6041666666667
"1018",24,2022-07-30,21.8333333333333
"1019",24,2022-07-31,21.84375
"1020",24,2022-08-01,22.0520833333333
"1021",24,2022-08-02,22.0208333333333
"1022",24,2022-08-03,22.1979166666667
"1023",24,2022-08-04,22.3958333333333
"1024",24,2022-08-05,22.5104166666667
"1025",24,2022-08-06,22.25
"1026",24,2022-08-07,22.3229166666667
"1027",24,2022-08-08,22.1458333333333
"1028",24,2022-08-09,22.09375
"1029",24,2022-08-10,22.1041666666667
"1030",24,2022-08-11,20.3958333333333
"1031",24,2022-08-12,21.6875
"1032",24,2022-08-13,25.90625
"1033",24,2022-08-14,26.25
"1034",24,2022-08-15,25.7291666666667
"1035",24,2022-08-16,25.46875
"1036",24,2022-08-17,25.4375
"1037",24,2022-08-18,25.4895833333333
"1038",24,2022-08-19,25.46875
"1039",24,2022-08-20,25.7083333333333
"1040",24,2022-08-21,25.7395833333333
"1041",24,2022-08-22,25.8125
"1042",24,2022-08-23,25.8541666666667
"1043",24,2022-08-24,25.9479166666667
"1044",24,2022-08-25,25.9479166666667
"1045",24,2022-08-26,26
"1046",24,2022-08-27,26.0104166666667
"1047",24,2022-08-28,26.1666666666667
"1048",24,2022-08-29,26
"1049",24,2022-08-30,26.15625
"1050",24,2022-08-31,26.1041666666667
"1051",24,2022-09-01,25.9479166666667
"1052",24,2022-09-02,26.1875
"1053",24,2022-09-03,25.8541666666667
"1054",24,2022-09-04,25.6354166666667
"1055",24,2022-09-05,25.9583333333333
"1056",24,2022-09-06,25.9090909090909
"1057",25,2022-07-25,25.7619047619048
"1058",25,2022-07-26,23.46875
"1059",25,2022-07-27,25.7708333333333
"1060",25,2022-07-28,27.0208333333333
"1061",25,2022-07-29,26.9166666666667
"1062",25,2022-07-30,26.1875
"1063",25,2022-07-31,25.2916666666667
"1064",25,2022-08-01,25.6875
"1065",25,2022-08-02,25.75
"1066",25,2022-08-03,25.1666666666667
"1067",25,2022-08-04,26.1458333333333
"1068",25,2022-08-05,26.3020833333333
"1069",25,2022-08-06,25.71875
"1070",25,2022-08-07,25.7604166666667
"1071",25,2022-08-08,26.09375
"1072",25,2022-08-09,26.0625
"1073",25,2022-08-10,26.125
"1074",25,2022-08-11,22.3645833333333
"1075",25,2022-08-12,20.9479166666667
"1076",25,2022-08-13,25.7291666666667
"1077",25,2022-08-14,26.1145833333333
"1078",25,2022-08-15,25.4583333333333
"1079",25,2022-08-16,25.21875
"1080",25,2022-08-17,25.1145833333333
"1081",25,2022-08-18,25.1979166666667
"1082",25,2022-08-19,25.1979166666667
"1083",25,2022-08-20,25.3020833333333
"1084",25,2022-08-21,25.4583333333333
"1085",25,2022-08-22,25.6458333333333
"1086",25,2022-08-23,25.59375
"1087",25,2022-08-24,25.5208333333333
"1088",25,2022-08-25,25.5833333333333
"1089",25,2022-08-26,25.75
"1090",25,2022-08-27,25.7916666666667
"1091",25,2022-08-28,25.8854166666667
"1092",25,2022-08-29,25.9270833333333
"1093",25,2022-08-30,26
"1094",25,2022-08-31,25.84375
"1095",25,2022-09-01,25.6770833333333
"1096",25,2022-09-02,25.8541666666667
"1097",25,2022-09-03,25.625
"1098",25,2022-09-04,25.4166666666667
"1099",25,2022-09-05,25.625
"1100",25,2022-09-06,25.5
"1101",26,2022-07-25,25.5909090909091
"1102",26,2022-07-26,23.4895833333333
"1103",26,2022-07-27,25.21875
"1104",26,2022-07-28,25.3854166666667
"1105",26,2022-07-29,25.0833333333333
"1106",26,2022-07-30,25.1666666666667
"1107",26,2022-07-31,25.0104166666667
"1108",26,2022-08-01,25.28125
"1109",26,2022-08-02,25.3125
"1110",26,2022-08-03,24.875
"1111",26,2022-08-04,25.3333333333333
"1112",26,2022-08-05,25.4479166666667
"1113",26,2022-08-06,24.8854166666667
"1114",26,2022-08-07,24.9375
"1115",26,2022-08-08,25.0729166666667
"1116",26,2022-08-09,24.9895833333333
"1117",26,2022-08-10,25.0208333333333
"1118",26,2022-08-11,21.8020833333333
"1119",26,2022-08-12,21.3020833333333
"1120",26,2022-08-13,25.6770833333333
"1121",26,2022-08-14,26.0208333333333
"1122",26,2022-08-15,25.3854166666667
"1123",26,2022-08-16,25.1979166666667
"1124",26,2022-08-17,25.1041666666667
"1125",26,2022-08-18,25.1666666666667
"1126",26,2022-08-19,25.1041666666667
"1127",26,2022-08-20,25.28125
"1128",26,2022-08-21,25.34375
"1129",26,2022-08-22,25.5208333333333
"1130",26,2022-08-23,25.53125
"1131",26,2022-08-24,25.5
"1132",26,2022-08-25,25.5
"1133",26,2022-08-26,25.6666666666667
"1134",26,2022-08-27,25.75
"1135",26,2022-08-28,25.8020833333333
"1136",26,2022-08-29,25.8333333333333
"1137",26,2022-08-30,25.9583333333333
"1138",26,2022-08-31,25.7708333333333
"1139",26,2022-09-01,25.4895833333333
"1140",26,2022-09-02,25.7916666666667
"1141",26,2022-09-03,25.5208333333333
"1142",26,2022-09-04,25.3541666666667
"1143",26,2022-09-05,25.5416666666667
"1144",26,2022-09-06,25.5
"1145",27,2022-07-25,25.7142857142857
"1146",27,2022-07-26,24.0208333333333
"1147",27,2022-07-27,26.59375
"1148",27,2022-07-28,26.59375
"1149",27,2022-07-29,26.5
"1150",27,2022-07-30,26.5
"1151",27,2022-07-31,26.25
"1152",27,2022-08-01,26.5208333333333
"1153",27,2022-08-02,26.53125
"1154",27,2022-08-03,26.2291666666667
"1155",27,2022-08-04,26.3333333333333
"1156",27,2022-08-05,26.4270833333333
"1157",27,2022-08-06,25.90625
"1158",27,2022-08-07,25.8958333333333
"1159",27,2022-08-08,26.03125
"1160",27,2022-08-09,25.9583333333333
"1161",27,2022-08-10,26
"1162",27,2022-08-11,22.3229166666667
"1163",27,2022-08-12,21.3958333333333
"1164",27,2022-08-13,25.7395833333333
"1165",27,2022-08-14,26.0729166666667
"1166",27,2022-08-15,25.3958333333333
"1167",27,2022-08-16,25.2083333333333
"1168",27,2022-08-17,25.1354166666667
"1169",27,2022-08-18,25.1770833333333
"1170",27,2022-08-19,25.1979166666667
"1171",27,2022-08-20,25.3229166666667
"1172",27,2022-08-21,25.4583333333333
"1173",27,2022-08-22,25.625
"1174",27,2022-08-23,25.5416666666667
"1175",27,2022-08-24,25.5
"1176",27,2022-08-25,25.5
"1177",27,2022-08-26,25.6875
"1178",27,2022-08-27,25.75
"1179",27,2022-08-28,25.84375
"1180",27,2022-08-29,25.8854166666667
"1181",27,2022-08-30,26
"1182",27,2022-08-31,25.7916666666667
"1183",27,2022-09-01,25.5625
"1184",27,2022-09-02,25.875
"1185",27,2022-09-03,25.625
"1186",27,2022-09-04,25.3854166666667
"1187",27,2022-09-05,25.5520833333333
"1188",27,2022-09-06,25.5
"1189",28,2022-07-25,26.0454545454545
"1190",28,2022-07-26,24.0729166666667
"1191",28,2022-07-27,27.15625
"1192",28,2022-07-28,27.8541666666667
"1193",28,2022-07-29,27.4270833333333
"1194",28,2022-07-30,27.3854166666667
"1195",28,2022-07-31,27.15625
"1196",28,2022-08-01,27.3020833333333
"1197",28,2022-08-02,27.2916666666667
"1198",28,2022-08-03,26.9270833333333
"1199",28,2022-08-04,26.5
"1200",28,2022-08-05,26.5208333333333
"1201",28,2022-08-06,26.0520833333333
"1202",28,2022-08-07,25.9791666666667
"1203",28,2022-08-08,25.96875
"1204",28,2022-08-09,25.9895833333333
"1205",28,2022-08-10,25.9895833333333
"1206",28,2022-08-11,22.5
"1207",28,2022-08-12,21.5
"1208",28,2022-08-13,25.8854166666667
"1209",28,2022-08-14,26.2395833333333
"1210",28,2022-08-15,25.7291666666667
"1211",28,2022-08-16,25.5729166666667
"1212",28,2022-08-17,25.46875
"1213",28,2022-08-18,25.5
"1214",28,2022-08-19,25.4895833333333
"1215",28,2022-08-20,25.6979166666667
"1216",28,2022-08-21,25.75
"1217",28,2022-08-22,25.7916666666667
"1218",28,2022-08-23,25.8541666666667
"1219",28,2022-08-24,25.96875
"1220",28,2022-08-25,25.96875
"1221",28,2022-08-26,26
"1222",28,2022-08-27,26
"1223",28,2022-08-28,26.15625
"1224",28,2022-08-29,26
"1225",28,2022-08-30,26.15625
"1226",28,2022-08-31,26.0833333333333
"1227",28,2022-09-01,25.9479166666667
"1228",28,2022-09-02,26.0104166666667
"1229",28,2022-09-03,25.75
"1230",28,2022-09-04,25.5833333333333
"1231",28,2022-09-05,25.90625
"1232",28,2022-09-06,25.8
"1233",29,2022-07-25,25.5227272727273
"1234",29,2022-07-26,23.53125
"1235",29,2022-07-27,26.125
"1236",29,2022-07-28,26.3333333333333
"1237",29,2022-07-29,25.6041666666667
"1238",29,2022-07-30,26.1770833333333
"1239",29,2022-07-31,26.90625
"1240",29,2022-08-01,26.9583333333333
"1241",29,2022-08-02,26.9479166666667
"1242",29,2022-08-03,26.7708333333333
"1243",29,2022-08-04,26.6770833333333
"1244",29,2022-08-05,26.875
"1245",29,2022-08-06,26.3125
"1246",29,2022-08-07,26.3541666666667
"1247",29,2022-08-08,26.4166666666667
"1248",29,2022-08-09,26.3125
"1249",29,2022-08-10,26.375
"1250",29,2022-08-11,22.34375
"1251",29,2022-08-12,20.9375
"1252",29,2022-08-13,25.53125
"1253",29,2022-08-14,25.8854166666667
"1254",29,2022-08-15,25.2708333333333
"1255",29,2022-08-16,25.1354166666667
"1256",29,2022-08-17,25
"1257",29,2022-08-18,25
"1258",29,2022-08-19,25
"1259",29,2022-08-20,25.25
"1260",29,2022-08-21,25.28125
"1261",29,2022-08-22,25.40625
"1262",29,2022-08-23,25.4375
"1263",29,2022-08-24,25.5
"1264",29,2022-08-25,25.5
"1265",29,2022-08-26,25.5
"1266",29,2022-08-27,25.59375
"1267",29,2022-08-28,25.7291666666667
"1268",29,2022-08-29,25.5729166666667
"1269",29,2022-08-30,25.75
"1270",29,2022-08-31,25.6354166666667
"1271",29,2022-09-01,25.4791666666667
"1272",29,2022-09-02,25.71875
"1273",29,2022-09-03,25.4270833333333
"1274",29,2022-09-04,25.2604166666667
"1275",29,2022-09-05,25.5
"1276",29,2022-09-06,25.5
"1277",30,2022-07-25,25.8571428571429
"1278",30,2022-07-26,25.3541666666667
"1279",30,2022-07-27,30.375
"1280",30,2022-07-28,30.3645833333333
"1281",30,2022-07-29,30.0104166666667
"1282",30,2022-07-30,30.15625
"1283",30,2022-07-31,30.0833333333333
"1284",30,2022-08-01,30.1145833333333
"1285",30,2022-08-02,30.2083333333333
"1286",30,2022-08-03,30.3854166666667
"1287",30,2022-08-04,30.75
"1288",30,2022-08-05,30.78125
"1289",30,2022-08-06,30.3645833333333
"1290",30,2022-08-07,30.4583333333333
"1291",30,2022-08-08,30.3854166666667
"1292",30,2022-08-09,30.2604166666667
"1293",30,2022-08-10,30.2395833333333
"1294",30,2022-08-11,24.59375
"1295",30,2022-08-12,21.3854166666667
"1296",30,2022-08-13,25.7604166666667
"1297",30,2022-08-14,26.1145833333333
"1298",30,2022-08-15,25.4270833333333
"1299",30,2022-08-16,25.2395833333333
"1300",30,2022-08-17,25.2395833333333
"1301",30,2022-08-18,25.2708333333333
"1302",30,2022-08-19,25.2395833333333
"1303",30,2022-08-20,25.4479166666667
"1304",30,2022-08-21,25.53125
"1305",30,2022-08-22,25.6666666666667
"1306",30,2022-08-23,25.6145833333333
"1307",30,2022-08-24,25.59375
"1308",30,2022-08-25,25.6145833333333
"1309",30,2022-08-26,25.75
"1310",30,2022-08-27,25.8125
"1311",30,2022-08-28,25.9166666666667
"1312",30,2022-08-29,25.9166666666667
"1313",30,2022-08-30,26
"1314",30,2022-08-31,25.84375
"1315",30,2022-09-01,25.6458333333333
"1316",30,2022-09-02,25.90625
"1317",30,2022-09-03,25.6979166666667
"1318",30,2022-09-04,25.4479166666667
"1319",30,2022-09-05,25.6458333333333
"1320",30,2022-09-06,25.5
"1321",31,2022-07-25,26
"1322",31,2022-07-26,24.09375
"1323",31,2022-07-27,26.6979166666667
"1324",31,2022-07-28,26.9166666666667
"1325",31,2022-07-29,26.4479166666667
"1326",31,2022-07-30,26.6875
"1327",31,2022-07-31,26.6145833333333
"1328",31,2022-08-01,26.6875
"1329",31,2022-08-02,26.7604166666667
"1330",31,2022-08-03,26.8125
"1331",31,2022-08-04,27.03125
"1332",31,2022-08-05,27.1354166666667
"1333",31,2022-08-06,26.625
"1334",31,2022-08-07,26.6875
"1335",31,2022-08-08,26.59375
"1336",31,2022-08-09,26.4479166666667
"1337",31,2022-08-10,26.3229166666667
"1338",31,2022-08-11,22.59375
"1339",31,2022-08-12,21.4166666666667
"1340",31,2022-08-13,25.7708333333333
"1341",31,2022-08-14,26.21875
"1342",31,2022-08-15,25.6354166666667
"1343",31,2022-08-16,25.34375
"1344",31,2022-08-17,25.3645833333333
"1345",31,2022-08-18,25.3958333333333
"1346",31,2022-08-19,25.3645833333333
"1347",31,2022-08-20,25.5833333333333
"1348",31,2022-08-21,25.7083333333333
"1349",31,2022-08-22,25.7291666666667
"1350",31,2022-08-23,25.84375
"1351",31,2022-08-24,25.8958333333333
"1352",31,2022-08-25,25.8958333333333
"1353",31,2022-08-26,26
"1354",31,2022-08-27,26
"1355",31,2022-08-28,26.0520833333333
"1356",31,2022-08-29,26
"1357",31,2022-08-30,26.0104166666667
"1358",31,2022-08-31,26.0104166666667
"1359",31,2022-09-01,25.8958333333333
"1360",31,2022-09-02,25.9791666666667
"1361",31,2022-09-03,25.7395833333333
"1362",31,2022-09-04,25.5208333333333
"1363",31,2022-09-05,25.8333333333333
"1364",31,2022-09-06,25.6666666666667
"1365",32,2022-07-25,25.6428571428571
"1366",32,2022-07-26,25.7916666666667
"1367",32,2022-07-27,30.4166666666667
"1368",32,2022-07-28,29.8229166666667
"1369",32,2022-07-29,29.7291666666667
"1370",32,2022-07-30,30.0208333333333
"1371",32,2022-07-31,29.9375
"1372",32,2022-08-01,29.9479166666667
"1373",32,2022-08-02,29.9479166666667
"1374",32,2022-08-03,30.03125
"1375",32,2022-08-04,29.6354166666667
"1376",32,2022-08-05,29.2083333333333
"1377",32,2022-08-06,28.53125
"1378",32,2022-08-07,28.53125
"1379",32,2022-08-08,28.6875
"1380",32,2022-08-09,28.71875
"1381",32,2022-08-10,28.5520833333333
"1382",32,2022-08-11,23.625
"1383",32,2022-08-12,20.9375
"1384",32,2022-08-13,25.6770833333333
"1385",32,2022-08-14,26.0729166666667
"1386",32,2022-08-15,25.375
"1387",32,2022-08-16,25.2083333333333
"1388",32,2022-08-17,25.1041666666667
"1389",32,2022-08-18,25.1354166666667
"1390",32,2022-08-19,25.1145833333333
"1391",32,2022-08-20,25.28125
"1392",32,2022-08-21,25.3541666666667
"1393",32,2022-08-22,25.5416666666667
"1394",32,2022-08-23,25.4791666666667
"1395",32,2022-08-24,25.5
"1396",32,2022-08-25,25.5
"1397",32,2022-08-26,25.6666666666667
"1398",32,2022-08-27,25.7291666666667
"1399",32,2022-08-28,25.8020833333333
"1400",32,2022-08-29,25.84375
"1401",32,2022-08-30,25.9583333333333
"1402",32,2022-08-31,25.7291666666667
"1403",32,2022-09-01,25.5625
"1404",32,2022-09-02,25.75
"1405",32,2022-09-03,25.4895833333333
"1406",32,2022-09-04,25.2708333333333
"1407",32,2022-09-05,25.53125
"1408",32,2022-09-06,25.5
"1409",33,2022-07-25,25.7380952380952
"1410",33,2022-07-26,24
"1411",33,2022-07-27,27.1041666666667
"1412",33,2022-07-28,27.5
"1413",33,2022-07-29,26.8229166666667
"1414",33,2022-07-30,27.2395833333333
"1415",33,2022-07-31,27.5416666666667
"1416",33,2022-08-01,27.6145833333333
"1417",33,2022-08-02,27.6041666666667
"1418",33,2022-08-03,27.6770833333333
"1419",33,2022-08-04,27.7604166666667
"1420",33,2022-08-05,27.8229166666667
"1421",33,2022-08-06,27.53125
"1422",33,2022-08-07,27.5
"1423",33,2022-08-08,27.09375
"1424",33,2022-08-09,26.59375
"1425",33,2022-08-10,25.96875
"1426",33,2022-08-11,22.3229166666667
"1427",33,2022-08-12,21.3854166666667
"1428",33,2022-08-13,25.75
"1429",33,2022-08-14,26.1354166666667
"1430",33,2022-08-15,25.40625
"1431",33,2022-08-16,25.1979166666667
"1432",33,2022-08-17,25.15625
"1433",33,2022-08-18,25.25
"1434",33,2022-08-19,25.21875
"1435",33,2022-08-20,25.40625
"1436",33,2022-08-21,25.5
"1437",33,2022-08-22,25.65625
"1438",33,2022-08-23,25.625
"1439",33,2022-08-24,25.5729166666667
"1440",33,2022-08-25,25.625
"1441",33,2022-08-26,25.7604166666667
"1442",33,2022-08-27,25.8229166666667
"1443",33,2022-08-28,25.9375
"1444",33,2022-08-29,25.9791666666667
"1445",33,2022-08-30,26
"1446",33,2022-08-31,25.8645833333333
"1447",33,2022-09-01,25.7395833333333
"1448",33,2022-09-02,25.8333333333333
"1449",33,2022-09-03,25.6354166666667
"1450",33,2022-09-04,25.3958333333333
"1451",33,2022-09-05,25.6145833333333
"1452",33,2022-09-06,25.5
"1453",34,2022-07-25,26.0227272727273
"1454",34,2022-07-26,25.0520833333333
"1455",34,2022-07-27,29.1354166666667
"1456",34,2022-07-28,29.6666666666667
"1457",34,2022-07-29,29.53125
"1458",34,2022-07-30,30.1354166666667
"1459",34,2022-07-31,30.3229166666667
"1460",34,2022-08-01,30.28125
"1461",34,2022-08-02,30.3020833333333
"1462",34,2022-08-03,30.28125
"1463",34,2022-08-04,30.3229166666667
"1464",34,2022-08-05,30.1041666666667
"1465",34,2022-08-06,29.34375
"1466",34,2022-08-07,29.125
"1467",34,2022-08-08,28.75
"1468",34,2022-08-09,28.0520833333333
"1469",34,2022-08-10,27.1354166666667
"1470",34,2022-08-11,22.8125
"1471",34,2022-08-12,21.0833333333333
"1472",34,2022-08-13,25.7708333333333
"1473",34,2022-08-14,26.1875
"1474",34,2022-08-15,25.5416666666667
"1475",34,2022-08-16,25.3645833333333
"1476",34,2022-08-17,25.3854166666667
"1477",34,2022-08-18,25.4375
"1478",34,2022-08-19,25.375
"1479",34,2022-08-20,25.5
"1480",34,2022-08-21,25.6354166666667
"1481",34,2022-08-22,25.71875
"1482",34,2022-08-23,25.75
"1483",34,2022-08-24,25.78125
"1484",34,2022-08-25,25.8125
"1485",34,2022-08-26,26
"1486",34,2022-08-27,26
"1487",34,2022-08-28,26
"1488",34,2022-08-29,26
"1489",34,2022-08-30,26
"1490",34,2022-08-31,26
"1491",34,2022-09-01,25.875
"1492",34,2022-09-02,26.0104166666667
"1493",34,2022-09-03,25.7708333333333
"1494",34,2022-09-04,25.5208333333333
"1495",34,2022-09-05,25.8229166666667
"1496",34,2022-09-06,25.5
"1497",35,2022-07-25,25.9285714285714
"1498",35,2022-07-26,24.4375
"1499",35,2022-07-27,27.3125
"1500",35,2022-07-28,27.4895833333333
"1501",35,2022-07-29,27.3020833333333
"1502",35,2022-07-30,28.15625
"1503",35,2022-07-31,28.6354166666667
"1504",35,2022-08-01,28.53125
"1505",35,2022-08-02,28.6666666666667
"1506",35,2022-08-03,28.6979166666667
"1507",35,2022-08-04,28.7395833333333
"1508",35,2022-08-05,28.5520833333333
"1509",35,2022-08-06,27.96875
"1510",35,2022-08-07,27.8333333333333
"1511",35,2022-08-08,27.4895833333333
"1512",35,2022-08-09,27.0416666666667
"1513",35,2022-08-10,26.59375
"1514",35,2022-08-11,22.6875
"1515",35,2022-08-12,21.4791666666667
"1516",35,2022-08-13,25.9270833333333
"1517",35,2022-08-14,26.1770833333333
"1518",35,2022-08-15,25.6666666666667
"1519",35,2022-08-16,25.46875
"1520",35,2022-08-17,25.375
"1521",35,2022-08-18,25.3125
"1522",35,2022-08-19,25.2708333333333
"1523",35,2022-08-20,25.6145833333333
"1524",35,2022-08-21,25.6458333333333
"1525",35,2022-08-22,25.7708333333333
"1526",35,2022-08-23,25.6770833333333
"1527",35,2022-08-24,25.6979166666667
"1528",35,2022-08-25,25.71875
"1529",35,2022-08-26,25.8541666666667
"1530",35,2022-08-27,25.875
"1531",35,2022-08-28,26.03125
"1532",35,2022-08-29,25.9375
"1533",35,2022-08-30,26
"1534",35,2022-08-31,25.9166666666667
"1535",35,2022-09-01,25.7395833333333
"1536",35,2022-09-02,25.9166666666667
"1537",35,2022-09-03,25.7083333333333
"1538",35,2022-09-04,25.4583333333333
"1539",35,2022-09-05,25.6458333333333
"1540",35,2022-09-06,25.5
"1541",36,2022-07-25,26.1428571428571
"1542",36,2022-07-26,23.9479166666667
"1543",36,2022-07-27,26.2395833333333
"1544",36,2022-07-28,26.9375
"1545",36,2022-07-29,26.4479166666667
"1546",36,2022-07-30,26.875
"1547",36,2022-07-31,27.34375
"1548",36,2022-08-01,27.46875
"1549",36,2022-08-02,27.375
"1550",36,2022-08-03,27.1458333333333
"1551",36,2022-08-04,26.75
"1552",36,2022-08-05,26.75
"1553",36,2022-08-06,26.3333333333333
"1554",36,2022-08-07,26.3125
"1555",36,2022-08-08,26.0208333333333
"1556",36,2022-08-09,25.71875
"1557",36,2022-08-10,25.6041666666667
"1558",36,2022-08-11,22.2708333333333
"1559",36,2022-08-12,21.90625
"1560",36,2022-08-13,26.1666666666667
"1561",36,2022-08-14,26.4895833333333
"1562",36,2022-08-15,25.8125
"1563",36,2022-08-16,25.6666666666667
"1564",36,2022-08-17,25.5729166666667
"1565",36,2022-08-18,25.6145833333333
"1566",36,2022-08-19,25.5833333333333
"1567",36,2022-08-20,25.78125
"1568",36,2022-08-21,25.8645833333333
"1569",36,2022-08-22,26.0208333333333
"1570",36,2022-08-23,25.9583333333333
"1571",36,2022-08-24,26
"1572",36,2022-08-25,26
"1573",36,2022-08-26,26.1145833333333
"1574",36,2022-08-27,26.2291666666667
"1575",36,2022-08-28,26.2604166666667
"1576",36,2022-08-29,26.3125
"1577",36,2022-08-30,26.3854166666667
"1578",36,2022-08-31,26.1875
"1579",36,2022-09-01,26.0104166666667
"1580",36,2022-09-02,26.21875
"1581",36,2022-09-03,26
"1582",36,2022-09-04,25.7708333333333
"1583",36,2022-09-05,26.0104166666667
"1584",36,2022-09-06,26
